{
  "total_samples": 542,
  "defer_rate": 0.27121771217712176,
  "defer_count": 147,
  "non_defer_count": 395,
  "avg_defer_probability": 0.20648535603860985,
  "std_defer_probability": 0.27273747264424436,
  "defer_threshold": 0.5,
  "overall_metrics": {
    "accuracy": 0.933579335793358,
    "f1_macro": 0.9317809943360604,
    "precision_macro": 0.9393177686889342,
    "recall_macro": 0.927562472357364,
    "f1_per_class": [
      0.920704845814978,
      0.9428571428571428
    ],
    "precision_per_class": [
      0.9675925925925926,
      0.911042944785276
    ],
    "recall_per_class": [
      0.8781512605042017,
      0.9769736842105263
    ]
  },
  "slm_baseline": {
    "accuracy": 0.940959409594096,
    "f1_macro": 0.9395763656633221,
    "precision_macro": 0.9444819819819821,
    "recall_macro": 0.936421937195931,
    "f1_per_class": [
      0.9304347826086956,
      0.9487179487179487
    ],
    "precision_per_class": [
      0.963963963963964,
      0.925
    ],
    "recall_per_class": [
      0.8991596638655462,
      0.9736842105263158
    ]
  },
  "improvement_over_slm": {
    "accuracy": -0.0073800738007380184,
    "f1_macro": -0.007795371327261713
  },
  "deferred_analysis": {
    "count": 147,
    "slm_metrics": {
      "accuracy": 0.9795918367346939,
      "f1_macro": 0.4948453608247423,
      "precision_macro": 0.4897959183673469,
      "recall_macro": 0.5,
      "f1_per_class": [
        0.9896907216494846,
        0.0
      ],
      "precision_per_class": [
        0.9795918367346939,
        0.0
      ],
      "recall_per_class": [
        1.0,
        0.0
      ]
    },
    "llm_metrics": {
      "accuracy": 0.9523809523809523,
      "f1_macro": 0.5988304093567252,
      "precision_macro": 0.5762411347517731,
      "recall_macro": 0.6493055555555556,
      "f1_per_class": [
        0.9754385964912281,
        0.2222222222222222
      ],
      "precision_per_class": [
        0.9858156028368794,
        0.16666666666666666
      ],
      "recall_per_class": [
        0.9652777777777778,
        0.3333333333333333
      ]
    },
    "improvement": {
      "accuracy": -0.027210884353741527,
      "f1_macro": 0.10398504853198287
    }
  },
  "non_deferred_analysis": {
    "count": 395,
    "slm_metrics": {
      "accuracy": 0.9265822784810127,
      "f1_macro": 0.890851747039038,
      "precision_macro": 0.9291666666666667,
      "recall_macro": 0.8640347776913833,
      "f1_per_class": [
        0.8284023668639053,
        0.9533011272141707
      ],
      "precision_per_class": [
        0.9333333333333333,
        0.925
      ],
      "recall_per_class": [
        0.7446808510638298,
        0.9833887043189369
      ]
    }
  },
  "ground_truth_breakdown": {
    "real_defer_rate": 0.6050420168067226,
    "fake_defer_rate": 0.009868421052631578,
    "real_total": 238,
    "fake_total": 304,
    "real_deferred": 144,
    "fake_deferred": 3
  }
}