{
  "total_samples": 542,
  "valid_predictions": 542,
  "accuracy": 0.7140221402214022,
  "macro_metrics": {
    "f1": 0.71010541934816,
    "precision": 0.7693966523939275,
    "recall": 0.7391364440513047
  },
  "per_class_metrics": {
    "真": {
      "f1": 0.743801652892562,
      "precision": 0.6130790190735694,
      "recall": 0.9453781512605042
    },
    "假": {
      "f1": 0.6764091858037579,
      "precision": 0.9257142857142857,
      "recall": 0.5328947368421053
    }
  },
  "confusion_matrix": {
    "labels": [
      "真",
      "假"
    ],
    "matrix": [
      [
        225,
        13
      ],
      [
        142,
        162
      ]
    ]
  }
}