{
  "total_samples": 542,
  "valid_predictions": 542,
  "accuracy": 0.8579335793357934,
  "macro_metrics": {
    "f1": 0.8564554462937549,
    "precision": 0.85533259317132,
    "recall": 0.8583038478549314
  },
  "per_class_metrics": {
    "真": {
      "f1": 0.8418891170431212,
      "precision": 0.8232931726907631,
      "recall": 0.8613445378151261
    },
    "假": {
      "f1": 0.8710217755443886,
      "precision": 0.8873720136518771,
      "recall": 0.8552631578947368
    }
  },
  "confusion_matrix": {
    "labels": [
      "真",
      "假"
    ],
    "matrix": [
      [
        205,
        33
      ],
      [
        44,
        260
      ]
    ]
  }
}