{
  "total_samples": 542,
  "valid_predictions": 542,
  "accuracy": 0.8413284132841329,
  "macro_metrics": {
    "f1": 0.8397375948949279,
    "precision": 0.8386438356164384,
    "recall": 0.8416768022998673
  },
  "per_class_metrics": {
    "真": {
      "f1": 0.8237704918032787,
      "precision": 0.804,
      "recall": 0.8445378151260504
    },
    "假": {
      "f1": 0.8557046979865772,
      "precision": 0.8732876712328768,
      "recall": 0.8388157894736842
    }
  },
  "confusion_matrix": {
    "labels": [
      "真",
      "假"
    ],
    "matrix": [
      [
        201,
        37
      ],
      [
        49,
        255
      ]
    ]
  }
}