{
  "total_samples": 542,
  "valid_predictions": 540,
  "accuracy": 0.7203703703703703,
  "macro_metrics": {
    "f1": 0.7159983421046217,
    "precision": 0.7836089889790906,
    "recall": 0.7478534790365745
  },
  "per_class_metrics": {
    "真": {
      "f1": 0.7512355848434926,
      "precision": 0.6145552560646901,
      "recall": 0.9661016949152542
    },
    "假": {
      "f1": 0.6807610993657506,
      "precision": 0.9526627218934911,
      "recall": 0.5296052631578947
    }
  },
  "confusion_matrix": {
    "labels": [
      "真",
      "假"
    ],
    "matrix": [
      [
        228,
        8
      ],
      [
        143,
        161
      ]
    ]
  }
}