{
  "total_queries": 3624,
  "memory_bank_size": 3082,
  "memory_true_count": 1576,
  "memory_fake_count": 1506,
  "excluded_self_count": 3082,
  "splits": {
    "train": 2536,
    "test": 542,
    "valid": 546
  },
  "avg_true_similarity": 4.080834610638503,
  "avg_fake_similarity": 4.278159897124794,
  "test_to_memory_avg_true_similarity": 3.7529795073055254,
  "test_to_memory_avg_fake_similarity": 4.108246454893443,
  "test_to_memory_train_avg_true_similarity": 3.673393600757934,
  "test_to_memory_train_avg_fake_similarity": 4.054399291122401
}