{
  "total_samples": 542,
  "valid_predictions": 540,
  "accuracy": 0.7333333333333333,
  "macro_metrics": {
    "f1": 0.730221068846362,
    "precision": 0.7847222222222222,
    "recall": 0.7566920808058323
  },
  "per_class_metrics": {
    "真": {
      "f1": 0.7591973244147158,
      "precision": 0.6305555555555555,
      "recall": 0.9537815126050421
    },
    "假": {
      "f1": 0.7012448132780082,
      "precision": 0.9388888888888889,
      "recall": 0.5596026490066225
    }
  },
  "confusion_matrix": {
    "labels": [
      "真",
      "假"
    ],
    "matrix": [
      [
        227,
        11
      ],
      [
        133,
        169
      ]
    ]
  }
}